{
  "timestamp": 1778385063.4313607,
  "mode": "quick",
  "scenarios": [
    {
      "name": "text_e2e_mock",
      "iterations": 10,
      "latencies_ms": [
        0.0317999511025846,
        0.03279995871707797,
        0.03360002301633358,
        0.033800024539232254,
        0.03460003063082695,
        0.03560003824532032,
        0.041599967516958714,
        0.04509999416768551,
        0.05169998621568084,
        0.07509998977184296
      ]
    }
  ],
  "config": {
    "turns": 10,
    "concurrency": 1,
    "provider": null
  },
  "qps": 24055.81
}