{
  "timestamp": 1778385077.2425632,
  "mode": "quick",
  "scenarios": [
    {
      "name": "text_e2e_mock",
      "iterations": 5,
      "latencies_ms": [
        0.034999975468963385,
        0.035299977753311396,
        0.0420999713242054,
        0.052499992307275534,
        0.07960002403706312
      ]
    }
  ],
  "config": {
    "turns": 5,
    "concurrency": 1,
    "provider": null
  },
  "qps": 20449.9
}